query,bm25_ms,fuzzy_ms,semantic_ms,hybrid_ms
education system,42.35206220133193,70.3342645641448,135.67061380939526,382.38864388460416
শিক্ষা,44.51169388485915,52.11301820170075,106.78823603406609,303.2325823326832
Prime Minister,37.66138008074042,62.71553325443057,264.88252757819464,284.25166458116564
prison protest,14.602182655591157,56.54399235676888,126.67819283719766,210.1474049913372
অর্থনীতি,47.949110955537876,64.61863116864615,107.66581460240386,231.34332613303724
